chunk_number,sentence
1,The Last Lantern of Willow CreekPage 1: The ArrivalWillow Creek was a small village surrounded by dense forests and rollinghills.
2,Most people believed nothing exciting ever happened there.
2,Butthey were wrong.
3,"One rainy evening, a seventeen-year-old girl named Emma Carter arrivedin the village."
3,Emma had recently moved from the city after losing herfather in an accident.
3,"Once cheerful and adventurous, she had becomequiet and distant."
3,"She carried a notebook everywhere, writing down herthoughts whenever sadness overwhelmed her."
3,"The village welcomed her warmly, but Emma preferred to spend her timealone."
3,"During one of her walks, she noticed an old lantern hangingoutside an abandoned house near the forest."
3,"Unlike everything elsearound it, the lantern seemed strangely bright."
3,"Curious, Emma asked the villagers about it."
3,"“That lantern has been burning for over a hundred years,” said thebaker."
4,“Nobody knows why.”Emma became determined to uncover its secret.
4,"Page 2: New FriendsAt school, Emma met Lucas Reed, a friendly boy known for fixing almostanything."
4,Lucas dreamed of becoming an engineer someday.
4,"His fatherowned a small repair shop, and Lucas had spent years learning howmachines worked."
5,"Emma also met Mia Thompson, a cheerful girl who loved books and localhistory."
5,"Mia’s grandmother often told her stories about Willow Creek’spast, which sparked her passion for mysteries."
5,The three quickly became friends.
5,"One afternoon, they visited the abandoned house together."
5,The woodenwalls creaked as the wind blew through broken windows.
5,"Inside, they found old furniture covered in dust and a portrait of a manholding the same lantern."
5,"Behind the portrait was a hidden note:“The lantern shines only for those who seek the truth.”Page 3: The Forgotten KeeperMia searched through old village records and discovered the portraitbelonged to Elias Harper, a lighthouse keeper who had lived over acentury ago."
5,Elias had once saved dozens of villagers during a terrible storm byguiding them through the forest using a powerful lantern.
5,"After hisdeath, the lantern mysteriously remained lit."
6,The records also mentioned that Elias had a daughter named Clara Harper.
6,Clara’s story was tragic.
6,She had dreamed of becoming a writer but leftthe village after her father’s death.
6,No one knew what happened to herafterward.
7,"As they continued their research, Lucas noticed strange symbols carvedinto the lantern’s metal frame."
7,He copied them into his notebook.
7,"Page 4: The Hidden TunnelThe next morning, Lucas recognized the symbols from an old map displayedin the village museum."
7,"Following the map, the friends hiked into the hills and discovered theentrance to a hidden tunnel."
7,"Inside, they found a small room containing journals written by EliasHarper."
7,The journals revealed the lantern’s secret.
7,The lantern itself was ordinary.
7,Its true power came from what itrepresented.
7,Elias had lit it every night as a symbol of hope duringdifficult times.
7,"Among the journals was a final letter addressed to Clara:“A light only survives when someone chooses to carry it forward.”Page 5: A ChoiceThe elderly villager responsible for maintaining the lantern wasMr. Bennett, an eighty-year-old widower."
7,"Years earlier, Mr. Bennett had lost his wife."
7,"Keeping the lanternburning gave him purpose and reminded him that even after loss, lifecontinued."
7,Emma understood his feelings.
7,"Since her father’s death, she had beencarrying sadness alone."
7,The discovery changed her perspective.
7,The lantern wasn’t magical.
8,"It represented kindness, courage, and thedetermination to keep moving forward despite hardships."
9,"Page 6: The Light ContinuesSeveral months later, Willow Creek held its first Lantern Festival."
9,Villagers gathered carrying lanterns of their own.
9,"Stories of courage,friendship, and perseverance were shared throughout the evening."
9,"Emma stood beside Lucas and Mia, watching hundreds of lights glowagainst the night sky."
9,"For the first time in years, she felt at peace."
9,"The old lantern still hung outside the abandoned house, shining asbrightly as ever."
10,Not because of magic.
10,But because every generation chose to keep itslight alive.
11,“The End”
